sct_mae_hu,sct_rmse_hu,sct_psnr,sct_ssim,raw_cbct_mae_hu,raw_cbct_rmse_hu,raw_cbct_psnr,raw_cbct_ssim,sct_mae_air_lung_hu,raw_cbct_mae_air_lung_hu,sct_mae_soft_tissue_hu,raw_cbct_mae_soft_tissue_hu,sct_mae_bone_hu,raw_cbct_mae_bone_hu,sct_mae_body_hu,raw_cbct_mae_body_hu,sample_index,patient_id,slice_index
132.31549,226.10596,21.213226,0.37781696219342364,134.80681,210.96248,21.815365,0.809853723010998,225.91368,224.42207,72.67848,85.4522,243.84991,204.6464,132.31549,134.80681,0,2ABA006,6
125.84837,224.09448,21.290844,0.40559234581193815,134.72276,225.01566,21.25521,0.8384127674143698,245.89383,239.18016,58.267025,81.24646,219.99915,191.29117,125.84837,134.72276,1,2ABA006,7
121.70178,220.52289,21.430395,0.40191386560686554,134.31136,231.72865,20.999872,0.8267612490676558,227.68768,229.55202,62.945347,86.17341,202.02216,184.28804,121.70178,134.31136,2,2ABA006,8
118.6433,208.77403,21.90594,0.4032217593901214,132.73224,222.44183,21.355137,0.8232325243193508,214.13112,219.89883,59.17591,86.721054,195.18286,170.17372,118.6433,132.73224,3,2ABA006,9
119.46814,218.03133,21.529087,0.4064242930589226,137.75256,228.94284,21.104927,0.8124769818732559,227.69812,231.35045,54.50827,86.9488,185.289,175.41371,119.46814,137.75256,4,2ABA006,10
119.59359,216.67538,21.583275,0.4118083621283576,131.99171,215.54063,21.628885,0.825701481511206,242.64456,230.68692,51.83382,79.73292,165.67026,161.26251,119.59359,131.99171,5,2ABA006,11
121.03934,220.0728,21.44814,0.41071302097036994,128.16982,207.33784,21.965897,0.8276672614136583,254.39716,218.68573,49.247818,78.22875,163.0538,161.68103,121.03934,128.16982,6,2ABA006,12
122.233894,221.95868,21.374025,0.41039147147827265,128.91756,208.58705,21.913721,0.8289338414783833,255.02538,212.33969,49.66164,80.15081,164.89151,169.59845,122.233894,128.91756,7,2ABA006,13
123.515366,223.37741,21.318682,0.4056107142598045,131.06465,210.82391,21.821072,0.8198246943806183,248.5119,202.67249,52.708344,85.71527,192.41623,194.43225,123.515366,131.06465,8,2ABA006,14
115.50897,208.00494,21.937996,0.41187736212272064,128.29799,203.39583,22.132627,0.8183980924154551,226.92935,189.02478,51.630352,88.17217,190.79068,198.51378,115.50897,128.29799,9,2ABA006,15
114.63276,209.04909,21.894503,0.41562462330002437,129.63496,208.7442,21.907179,0.8119229158084574,222.96088,190.6013,54.682896,91.44776,191.09795,201.33807,114.63276,129.63496,10,2ABA006,16
122.245964,224.57323,21.272308,0.40738891763805074,130.19994,205.58138,22.039793,0.7951836651947818,247.76764,202.36784,55.293037,87.82675,163.59656,179.36848,122.245964,130.19994,11,2ABA006,17
129.6477,241.96005,20.624596,0.398656603693964,143.26724,223.25008,21.323635,0.7732598272535413,269.1021,229.6557,54.488537,92.23926,147.40617,181.87758,129.6477,143.26724,12,2ABA006,18
128.16205,233.17566,20.9458,0.41989601690881656,149.94023,224.59914,21.271305,0.7804635757492205,256.55447,231.89557,53.406418,96.30208,160.18375,206.79593,128.16205,149.94023,13,2ABA006,19
126.77528,228.90277,21.106445,0.42276140962092834,150.96025,230.58504,21.042845,0.7846868334904201,250.46321,237.74634,53.29951,94.41429,174.58624,217.66243,126.77528,150.96025,14,2ABA006,20
134.54114,241.65607,20.635511,0.4217748476818147,164.0243,250.65248,20.318027,0.7802374548699021,276.1507,272.43396,49.21269,95.60808,167.69362,211.00496,134.54114,164.0243,15,2ABA006,21
164.89304,300.9421,18.729807,0.413107487665768,192.83157,306.1136,18.581814,0.7637193195737064,335.68735,328.22696,79.042625,123.82338,169.14476,205.89296,164.89304,192.83157,16,2ABA006,22
190.99158,336.48315,17.7602,0.40295770161301236,210.9976,328.82605,17.960144,0.7531059088691808,400.85004,376.2409,99.28895,137.5055,162.63348,219.508,190.99158,210.9976,17,2ABA006,23
190.0454,335.76807,17.778679,0.39136224958504606,207.6975,324.11996,18.08535,0.7444777462230702,390.48203,365.47272,101.301994,136.61012,191.8448,259.0355,190.0454,207.6975,18,2ABA006,24
175.49034,305.67578,18.594246,0.3925951543029339,195.70764,295.50058,18.8883,0.7420258376066875,373.62952,349.51486,77.62108,116.59454,118.59238,199.47449,175.49034,195.70764,19,2ABA006,25
173.33665,299.5171,18.771036,0.3872479403725571,197.28218,292.98026,18.9627,0.7352553733490476,359.78735,335.86838,77.45898,122.51716,121.4952,203.72888,173.33665,197.28218,20,2ABA006,26
191.87527,329.49106,17.942595,0.3851721633421391,218.17406,328.09085,17.979586,0.7385040697784027,383.5245,362.17026,105.76057,151.71881,131.43124,199.92113,191.87527,218.17406,21,2ABA006,27
207.1685,354.4972,17.30721,0.38019164045242615,235.81268,353.43393,17.333302,0.7298297992567718,397.3795,372.41974,124.478,175.61858,181.37976,230.13445,207.1685,235.81268,22,2ABA006,28
180.96628,310.73865,18.451561,0.3863145295534589,208.33507,302.17105,18.69441,0.7372618233369541,363.46994,341.80878,79.75841,131.76373,127.34097,200.93379,180.96628,208.33507,23,2ABA006,29
162.90967,287.88855,19.114979,0.3991328089176017,189.9999,280.42514,19.343128,0.750328622432297,337.09967,310.8189,54.462074,111.77301,129.1056,202.64746,162.90967,189.9999,24,2ABA006,30
156.81361,278.70743,19.396498,0.4111668290109251,184.21924,270.19485,19.665926,0.7551805603665501,320.53503,293.26425,55.391068,113.9423,123.75558,199.52057,156.81361,184.21924,25,2ABA006,31
156.65884,277.8788,19.422358,0.4150317923350533,181.87086,262.8057,19.906773,0.747434535702089,318.90817,278.2472,54.203728,118.96116,221.84535,302.0909,156.65884,181.87086,26,2ABA006,32
157.60509,273.36203,19.564703,0.4178688548328911,180.80455,255.16083,20.163189,0.7544436269370769,310.42252,259.99634,58.316124,127.28194,201.55547,290.60892,157.60509,180.80455,27,2ABA006,33
161.81248,277.07382,19.447557,0.41826249392730597,196.98119,274.23038,19.537155,0.7521192758438474,306.82474,266.82544,58.192493,143.39275,161.99268,249.53654,161.81248,196.98119,28,2ABA006,34
164.30345,278.64783,19.398354,0.42316533162232184,203.94774,284.79288,19.208885,0.7532073252519078,302.21902,265.91205,61.019943,154.8375,164.53911,243.16211,164.30345,203.94774,29,2ABA006,35
172.47902,293.34415,18.95192,0.42441815593532745,212.08301,297.99335,18.815336,0.7426457148422605,312.0575,267.9273,64.346504,166.7711,191.21082,248.0613,172.47902,212.08301,30,2ABA006,36
168.29523,283.9384,19.234985,0.42470540625858116,206.54527,288.25742,19.103857,0.7411025868763665,302.4388,257.2439,65.95806,166.66293,160.04341,219.18196,168.29523,206.54527,31,2ABA006,37
157.20279,264.19266,19.861052,0.4224938141780672,207.20865,291.43387,19.008667,0.7389538086833152,270.96515,245.16104,73.256325,177.91048,168.13722,226.3728,157.20279,207.20865,32,2ABA006,38
162.00348,267.1807,19.763367,0.4207945344802738,220.30464,311.4075,18.432886,0.7393553436817057,266.7732,246.93263,93.10252,203.13533,152.36053,213.42354,162.00348,220.30464,33,2ABA006,39
180.9321,301.87228,18.703003,0.410265410577605,240.61792,345.99478,17.518076,0.7256191124808625,265.27145,246.61847,132.65561,236.5291,210.19946,265.61652,180.9321,240.61792,34,2ABA006,40
182.54897,306.7144,18.564785,0.41369289132004444,237.2271,342.10913,17.616175,0.7224779908955548,257.57724,244.17783,142.39828,232.82951,190.07289,274.4496,182.54897,237.2271,35,2ABA006,41
178.85565,306.69193,18.565422,0.4118091449314675,237.97498,345.58124,17.528465,0.723770720344398,245.93166,232.11897,144.93877,241.41962,166.75447,228.70215,178.85565,237.97498,36,2ABA006,42
169.52846,294.33722,18.922564,0.41385597171138294,238.46422,349.87158,17.421295,0.7234092096319363,221.83507,218.26517,142.73555,249.34966,167.71414,228.82788,169.52846,238.46422,37,2ABA006,43
163.08098,286.02417,19.171413,0.4135435957580404,234.85983,344.86334,17.546526,0.7193628551594071,224.00504,219.99335,128.23866,243.09134,182.00511,234.82756,163.08098,234.85983,38,2ABA006,44
151.4329,268.1184,19.732935,0.4158138755832537,219.9715,320.77484,18.17546,0.7157814399298329,223.24106,205.61124,108.8202,227.9584,154.46857,228.07698,151.4329,219.9715,39,2ABA006,45
147.40256,262.471,19.917841,0.41620433533373713,214.37105,308.2824,18.520493,0.7149585437896375,226.75616,210.46333,98.17575,215.53702,164.74187,233.1013,147.40256,214.37105,40,2ABA006,46
140.88516,249.23366,20.367334,0.4155580307520289,205.0883,292.2636,18.983973,0.7164560351186143,217.57677,203.10945,93.40408,205.21257,150.85217,222.28162,140.88516,205.0883,41,2ABA006,47
138.64453,245.5842,20.49546,0.40671985886036216,198.6447,283.9624,19.23425,0.7049831770548873,222.08708,192.92987,87.8039,200.22449,186.1983,257.86417,138.64453,198.6447,42,2ABA006,48
133.1389,237.97038,20.769009,0.4068679291046108,194.52893,277.69366,19.428146,0.7041864116485748,218.02132,184.60153,83.22076,198.70352,180.41087,270.39618,133.1389,194.52893,43,2ABA006,49
120.73491,217.46176,21.55181,0.4227037327944386,195.62971,277.54932,19.432663,0.710510316273716,195.12799,179.27412,75.34643,202.00816,182.26239,256.67313,120.73491,195.62971,44,2ABA006,50
109.06852,191.10168,22.674177,0.4431897626144464,195.33662,274.04025,19.54318,0.707976545669207,172.42178,171.90993,70.21909,205.04199,169.10106,249.84393,109.06852,195.33662,45,2ABA006,51
109.61179,189.79007,22.733997,0.4328817762855097,199.56421,276.99646,19.449982,0.6982019398145224,174.3301,176.00342,71.08016,209.22069,168.25206,246.55136,109.61179,199.56421,46,2ABA006,52
109.917274,192.26476,22.621475,0.42426597709300745,201.23181,277.46152,19.435411,0.6935061317304222,176.03882,177.79736,74.615715,211.16563,140.25401,231.68628,109.917274,201.23181,47,2ABA006,53
110.55334,194.09053,22.539383,0.42160608711409203,202.85309,281.2503,19.317606,0.6880236761410504,173.44315,175.16962,77.53926,213.89323,153.82457,239.52737,110.55334,202.85309,48,2ABA006,54
107.73177,188.20328,22.806923,0.4245378795949777,198.81041,274.37054,19.532717,0.683743355843886,160.61275,165.36972,80.84438,212.23227,151.39337,233.80223,107.73177,198.81041,49,2ABA006,55
105.80553,192.43771,22.613663,0.4329321627455028,195.10571,272.5538,19.590422,0.6712239978941458,160.77222,154.7347,79.69319,209.48465,212.10579,287.84,105.80553,195.10571,50,2ABA006,56
99.251,186.07579,22.905672,0.44238173046591023,195.36374,272.94446,19.577982,0.6674678615443722,149.54802,147.35158,76.34896,211.73145,174.73476,256.05984,99.251,195.36374,51,2ABA006,57
94.4049,184.53232,22.97802,0.44850468612106975,197.24098,276.2235,19.474255,0.6632665402679385,138.92908,144.0236,73.634895,213.87471,179.60193,251.76086,94.4049,197.24098,52,2ABA006,58
91.60005,183.56966,23.02345,0.45899143309887397,196.40791,275.6485,19.492355,0.6524275280260178,131.8172,141.02045,72.549385,212.72948,174.30829,247.16678,91.60005,196.40791,53,2ABA006,59
87.49559,180.82622,23.15424,0.46483466699033105,193.83698,271.9786,19.608772,0.6418359967208312,121.98232,140.37064,71.459274,209.2394,164.67703,239.52089,87.49559,193.83698,54,2ABA006,60
81.37151,171.55396,23.611452,0.4736721427684449,189.28946,262.76666,19.908062,0.6280718478135189,118.14897,137.38046,65.59329,203.51422,151.57146,236.9844,81.37151,189.28946,55,2ABA006,61
79.20013,169.1377,23.734661,0.4784168822878781,187.26688,259.3679,20.021143,0.6201817941421447,113.49621,136.22537,64.35934,200.37178,157.25302,241.30388,79.20013,187.26688,56,2ABA006,62
75.75311,165.48647,23.92422,0.48452168097683346,183.25697,254.61676,20.181728,0.6083833773893762,116.179825,139.94252,59.874535,193.76492,202.69487,268.36124,75.75311,183.25697,57,2ABA006,63
76.96346,169.66176,23.707788,0.48575350540543877,182.43404,253.60594,20.216278,0.6064112801585566,119.28034,141.32764,59.59458,191.04788,206.43845,272.05817,76.96346,182.43404,58,2ABA006,64
76.30425,168.06442,23.789951,0.49174208831141564,180.08607,249.3365,20.36375,0.6057260125178312,121.535835,140.55392,58.110725,188.31955,173.52197,245.0679,76.30425,180.08607,59,2ABA006,65
78.339325,170.46098,23.66697,0.48716139776722284,179.3502,248.08632,20.407412,0.6058480690564512,127.83559,141.92455,58.122753,185.87112,187.2974,258.42773,78.339325,179.3502,60,2ABA006,66
77.911766,169.9343,23.693848,0.48482532239087667,177.85574,243.97414,20.552593,0.6010229057338994,130.89395,144.12772,57.86927,184.13911,160.09114,234.85982,77.911766,177.85574,61,2ABA006,67
78.25522,168.36531,23.774416,0.47979396944888236,176.90224,242.84834,20.592764,0.6027959202255454,134.9982,146.7645,57.090637,181.90976,162.3386,234.7063,78.25522,176.90224,62,2ABA006,68
76.33302,165.36632,23.930527,0.4785647495721,173.01314,236.93129,20.807018,0.5976274180295946,136.88878,148.58865,55.811752,177.43799,150.89189,218.15497,76.33302,173.01314,63,2ABA006,69
75.11603,163.66985,24.020096,0.4743831935990537,169.48294,234.5143,20.896082,0.5981378857637522,134.76257,148.82092,55.040638,172.46904,229.9379,257.1384,75.11603,169.48294,64,2ABA006,70
74.497055,159.87047,24.224102,0.47183955369332375,169.72986,232.38713,20.975225,0.6007499998554892,133.67093,144.96436,53.698883,172.62762,180.93591,243.41121,74.497055,169.72986,65,2ABA006,71
75.2627,163.69475,24.018774,0.4763846185609201,170.07881,232.05919,20.987492,0.603215937896291,140.09782,144.31664,52.251472,171.79056,177.53522,254.39462,75.2627,170.07881,66,2ABA006,72
75.231415,165.75375,23.9102,0.4896512910974775,170.42719,229.7626,21.07388,0.5995494182131756,145.57057,145.99257,50.258442,171.02245,181.19453,259.3634,75.231415,170.42719,67,2ABA006,73
75.45177,165.43915,23.9267,0.4884129559234573,172.78674,233.04654,20.950613,0.6066259701930828,142.65596,144.84642,50.984173,173.87538,184.1763,261.7943,75.45177,172.78674,68,2ABA006,74
75.200905,160.90245,24.168215,0.48722563424942095,171.3143,228.23674,21.131756,0.6075321683521986,143.46677,139.79356,51.157337,174.31958,177.65056,246.7886,75.200905,171.3143,69,2ABA006,75
71.913734,154.01633,24.548132,0.48669816896582035,166.56921,224.10934,21.290268,0.6191290225743008,140.09868,134.50128,49.39034,171.53041,192.89908,246.1139,71.913734,166.56921,70,2ABA006,76
67.30214,141.27141,25.298384,0.49017362209796117,158.89732,211.73784,21.7835,0.6284971906566998,141.14919,129.45988,42.90144,163.81303,171.70753,241.40121,67.30214,158.89732,71,2ABA006,77
68.48256,135.50069,25.660639,0.48702412994946026,154.74588,205.16231,22.057516,0.6481256505653465,150.28423,124.62779,37.567776,159.62752,160.681,237.66008,68.48256,154.74588,72,2ABA006,78
74.16543,142.21892,25.240322,0.4868015525044444,147.18533,192.1962,22.624573,0.6627740607259686,146.71826,117.16506,42.927113,152.25252,147.08311,232.402,74.16543,147.18533,73,2ABA006,79
78.53623,148.26648,24.878609,0.4788075274180483,143.63875,188.54022,22.791388,0.6786816737047341,135.32863,117.12096,48.4471,147.90863,157.1074,231.45749,78.53623,143.63875,74,2ABA006,80
91.61293,164.46674,23.977907,0.4573922555091224,136.5234,180.23018,23.182917,0.7075435409300622,165.96936,115.893616,51.00337,140.30788,140.99602,207.42624,91.61293,136.5234,75,2ABA006,81
79.23551,162.35086,24.090376,0.3594165983658297,180.99327,223.42313,21.316906,0.5756528890594084,304.13144,219.37378,47.063477,174.6855,176.66689,229.02705,79.23551,180.99327,76,2ABA027,6
74.07759,148.48828,24.865625,0.363402564882657,184.41507,224.79758,21.263636,0.5655489907730931,269.82532,203.30368,46.16399,180.23482,173.28261,242.61835,74.07759,184.41507,77,2ABA027,7
71.74114,151.3247,24.701271,0.3856688662970943,186.37541,224.4439,21.277311,0.5650846883086795,290.57452,194.43134,41.681133,183.11742,166.12218,256.1985,71.74114,186.37541,78,2ABA027,8
72.498825,153.32552,24.587177,0.40170895942646034,189.0111,224.69717,21.267513,0.5680004717977423,300.36203,181.01305,40.388496,185.1534,168.46237,302.24734,72.498825,189.0111,79,2ABA027,9
68.79932,147.95485,24.896885,0.4104658316663967,186.7365,219.91322,21.454441,0.5685395207206513,291.94397,169.9145,39.761086,185.68681,174.44395,300.75125,68.79932,186.7365,80,2ABA027,10
62.734764,136.38861,25.603907,0.4253070160544073,185.05,216.30907,21.597975,0.56711690705668,266.4753,158.63754,37.51654,185.97269,154.12306,291.01096,62.734764,185.05,81,2ABA027,11
63.18623,136.74234,25.581408,0.41676663539956377,186.79587,218.58397,21.507101,0.5660369417159777,270.97244,144.92891,37.59751,189.14441,160.5833,295.36942,63.18623,186.79587,82,2ABA027,12
63.035355,132.15617,25.87772,0.41376003150968044,190.85535,224.62161,21.270437,0.5638406107623901,255.01978,126.95153,39.090744,194.78589,144.73405,316.25534,63.035355,190.85535,83,2ABA027,13
63.524612,126.461006,26.260336,0.406708745026016,196.52603,232.51793,20.970337,0.5584111557045209,238.81683,109.63296,41.785343,201.6812,161.82652,341.38187,63.524612,196.52603,84,2ABA027,14
62.05144,119.21944,26.772528,0.4035208486828193,200.10815,235.9693,20.842358,0.5515354247227039,213.24016,100.08932,43.308773,207.3276,146.01154,323.12427,62.05144,200.10815,85,2ABA027,15
63.892014,123.54327,26.463087,0.40165151285647016,203.3612,240.42326,20.679935,0.5421474116361406,209.72974,93.10994,47.33309,212.12091,144.0331,321.334,63.892014,203.3612,86,2ABA027,16
58.770046,113.16668,27.225096,0.4094426541012368,207.58456,244.43993,20.536024,0.5365433041658624,171.66565,81.240845,46.88378,217.80093,118.35489,318.09448,58.770046,207.58456,87,2ABA027,17
63.435802,123.357,26.476192,0.3997011284108522,214.86937,252.25597,20.26264,0.5302481637370445,169.27893,87.414955,51.25249,224.5893,140.27641,343.64612,63.435802,214.86937,88,2ABA027,18
71.114,145.3987,25.048258,0.3869656391173267,221.91864,261.01108,19.966288,0.5303258338406287,202.71753,108.35598,54.87151,229.65569,169.864,367.55777,71.114,221.91864,89,2ABA027,19
73.27855,148.64185,24.856646,0.3834299646501583,224.53589,260.45187,19.984917,0.5320395146144246,216.4825,126.04216,55.314613,231.33978,172.9741,362.00854,73.27855,224.53589,90,2ABA027,20
77.53762,155.21404,24.480848,0.37454845992594366,225.01942,258.77975,20.04086,0.532979519956077,246.85048,125.08762,54.708797,231.36172,160.95186,369.88416,77.53762,225.01942,91,2ABA027,21
80.915985,167.53421,23.817398,0.3730479027389432,229.13783,261.87708,19.937517,0.5204973524326211,272.97543,141.99966,54.612244,235.53384,176.60039,392.51608,80.915985,229.13783,92,2ABA027,22
87.326515,179.48943,23.21869,0.3700025386731313,235.58876,268.15756,19.731667,0.5121112343401053,301.9285,152.08167,55.639885,239.84181,189.05118,413.81705,87.326515,235.58876,93,2ABA027,23
88.83299,180.84975,23.15311,0.363313734744597,239.43842,271.9107,19.61094,0.5115379030423702,311.7544,147.24556,55.10936,243.65134,197.79579,432.22165,88.83299,239.43842,94,2ABA027,24
84.60566,174.65019,23.456087,0.37480402653867817,241.52905,272.42496,19.59453,0.5064504583006335,307.18588,141.63788,54.65339,249.04347,173.93828,406.7421,84.60566,241.52905,95,2ABA027,25
80.07332,165.83958,23.905704,0.37980983583764566,244.94955,275.3794,19.50084,0.5056927235090735,294.47464,140.77972,52.51226,253.2788,158.54112,415.57916,80.07332,244.94955,96,2ABA027,26
79.34198,165.37291,23.93018,0.3871343409890825,251.786,283.62234,19.24466,0.5010714171664984,297.93784,154.18103,50.761337,258.59686,172.80273,453.9068,79.34198,251.786,97,2ABA027,27
76.398994,161.32304,24.145538,0.39819518515407265,258.1734,289.02045,19.080894,0.4956578494842252,295.3811,164.31636,48.436214,264.84393,149.86493,437.502,76.398994,258.1734,98,2ABA027,28
76.04305,157.47305,24.355343,0.3943277314447187,259.7832,287.90024,19.114626,0.4921109517220669,285.98053,158.80632,50.01219,268.61133,153.32434,425.93863,76.04305,259.7832,99,2ABA027,29
73.20572,149.2801,24.81943,0.39566228952609994,262.4996,289.9907,19.051786,0.49489684268151807,270.05978,159.32228,49.596184,270.20184,148.96724,438.56863,73.20572,262.4996,100,2ABA027,30
72.538864,143.18347,25.18161,0.3895275825943349,264.8833,293.6611,18.94254,0.4951803947130649,251.06802,143.59299,52.05279,273.62805,153.83006,435.2077,72.538864,264.8833,101,2ABA027,31
74.030975,144.37094,25.109873,0.381834057597125,267.90112,296.82593,18.84943,0.49142126181526624,248.75633,132.73682,54.26743,277.18484,159.82405,423.91965,74.030975,267.90112,102,2ABA027,32
74.31639,149.29897,24.818333,0.381232770733051,273.78683,302.5627,18.683159,0.4854295468897286,270.55685,150.99417,53.403694,281.55392,182.31792,467.79865,74.31639,273.78683,103,2ABA027,33
74.77127,152.18286,24.652153,0.37993815826712474,281.43356,310.05194,18.47078,0.47763517128540556,297.15878,158.28433,49.200367,286.9848,205.54886,505.26587,74.77127,281.43356,104,2ABA027,34
75.99931,159.46458,24.246185,0.3869141424683067,288.26364,314.9402,18.334906,0.4656954457341164,332.4872,183.2307,48.786736,293.53375,197.14598,473.24045,75.99931,288.26364,105,2ABA027,35
83.56205,174.26334,23.475346,0.37800581005765344,292.88193,320.18494,18.19145,0.4603860039543216,382.74194,194.93683,49.95606,297.80423,202.19136,489.2269,83.56205,292.88193,106,2ABA027,36
97.21682,205.3763,22.048462,0.3660741085587142,302.02173,331.519,17.889297,0.46051842611628263,468.08856,230.30421,51.89167,302.39432,212.31606,513.08746,97.21682,302.02173,107,2ABA027,37
103.89878,227.74908,21.150333,0.3710482835189262,305.05112,333.904,17.827036,0.45804088357692524,538.2696,252.35217,51.60765,305.24475,183.74374,494.1971,103.89878,305.05112,108,2ABA027,38
103.800385,230.92625,21.030003,0.37940928435808735,303.65448,332.3801,17.866766,0.46030194742733205,543.0587,256.27643,52.349827,306.3376,135.6517,448.822,103.800385,303.65448,109,2ABA027,39
102.363396,232.48987,20.971386,0.3907393626659315,308.51404,336.49823,17.759811,0.4556188123431799,562.6361,265.99435,49.21253,310.97617,139.26196,459.99365,102.363396,308.51404,110,2ABA027,40
96.99326,220.921,21.414726,0.37434352736252735,314.2586,340.8951,17.647053,0.4445627126490451,552.1882,265.4007,47.434982,317.1188,147.35074,466.05618,96.99326,314.2586,111,2ABA027,41
90.05384,200.84421,22.242281,0.36314804599979067,317.23865,341.87973,17.622,0.43838459253580325,509.0463,241.06854,48.17582,320.92697,160.23769,477.39648,90.05384,317.23865,112,2ABA027,42
81.47412,175.21507,23.42804,0.36840560718125914,319.3685,342.683,17.601616,0.43183749074729705,439.62686,197.89735,49.046803,322.869,177.8855,496.18823,81.47412,319.3685,113,2ABA027,43
71.34014,149.96622,24.779598,0.3895562569100695,318.96765,342.5534,17.604902,0.4244062283658396,339.48337,140.84395,49.000023,324.43216,240.61813,554.5502,71.34014,318.96765,114,2ABA027,44
63.27817,120.2236,26.699675,0.39960260597216213,318.92606,339.65945,17.678593,0.4193096427939669,220.03212,77.18079,50.99628,328.81583,190.41661,486.99844,63.27817,318.92606,115,2ABA027,45
63.168526,120.943535,26.647816,0.4100133182546135,323.63303,344.7481,17.54943,0.4175008676929729,156.92468,59.745453,54.45621,332.73514,201.20274,501.4587,63.168526,323.63303,116,2ABA027,46
63.14288,123.999565,26.431065,0.4152251086311461,323.0009,344.4708,17.55642,0.4198486893412191,154.56573,71.9744,54.887444,333.2995,194.07181,496.32617,63.14288,323.0009,117,2ABA027,47
63.731075,126.48507,26.258682,0.4183669909981417,322.02057,344.23587,17.562346,0.4262344388628721,150.8903,87.403435,55.47298,334.0528,186.28879,497.01245,63.731075,322.02057,118,2ABA027,48
70.05767,138.0134,25.501043,0.4118469270075237,320.37936,343.47733,17.581505,0.4330920368047508,137.22699,88.85099,63.124496,335.25888,171.58807,468.79248,70.05767,320.37936,119,2ABA027,49
76.720924,149.2584,24.820692,0.3996145796428126,317.96243,343.12726,17.590363,0.4418366840292284,124.22167,93.903625,70.82694,335.559,181.79842,484.2908,76.720924,317.96243,120,2ABA027,50
83.26708,160.40492,24.195114,0.3837311236935338,313.904,342.21896,17.613386,0.4542437932269443,122.36683,103.52509,77.08578,334.04865,196.58359,490.2353,83.26708,313.904,121,2ABA027,51
100.26434,187.71187,22.829632,0.3626796043865947,310.47433,344.33948,17.55973,0.46583230934800113,122.09509,109.14054,92.340576,331.52112,272.17578,526.02435,100.26434,310.47433,122,2ABA027,52
112.14491,205.619,22.038202,0.33255640345610843,307.21045,347.30945,17.485134,0.4807298113977333,124.28592,112.24126,103.72144,330.24716,281.952,560.6009,112.14491,307.21045,123,2ABA027,53
118.14583,210.47241,21.835566,0.3292618761585958,300.44547,339.35638,17.686346,0.49236900063999794,120.320984,112.621025,114.575874,332.6797,194.56125,460.70248,118.14583,300.44547,124,2ABA027,54
135.1883,236.22653,20.832893,0.3358173888798898,290.91623,331.68295,17.885004,0.5078504140536417,117.89613,115.297676,137.84363,331.26883,188.36987,428.50656,135.1883,290.91623,125,2ABA027,55
159.8028,265.96506,19.802975,0.33673306025701605,277.9252,320.93445,18.17114,0.5227361075890126,116.620415,114.92059,173.30777,325.53763,169.60141,395.4672,159.8028,277.9252,126,2ABA027,56
146.64824,255.14684,20.163662,0.3698513382433327,256.32513,302.2001,18.693575,0.533366331167544,113.16127,111.01494,158.99893,311.20923,189.68022,389.96353,146.64824,256.32513,127,2ABA027,57
119.67645,219.98167,21.451738,0.40596570231421825,234.7995,282.0265,19.293669,0.5429230704092775,105.47977,105.92629,123.63422,293.96948,232.66849,442.3311,119.67645,234.7995,128,2ABA027,58
82.11034,148.18678,24.883278,0.43772347782088294,205.94214,250.91417,20.308964,0.5504514943361631,103.22712,103.68731,63.285625,267.02237,220.59248,430.14517,82.11034,205.94214,129,2ABA027,59
65.346664,116.93608,26.940498,0.45203204120802376,193.9918,238.586,20.746567,0.5526741990324049,84.03743,99.29919,47.802593,252.96219,198.71112,403.93256,65.346664,193.9918,130,2ABA027,60
65.49139,118.795334,26.803482,0.4504042977805912,188.74026,235.57231,20.856983,0.5464261446416937,85.74484,91.325615,46.445404,247.20012,214.39967,433.64444,65.49139,188.74026,131,2ABA027,61
68.851036,129.05125,26.084223,0.45020469247292283,192.4843,241.80537,20.630148,0.5320285310698454,91.626884,93.028564,47.321945,249.64075,218.55592,436.2856,68.851036,192.4843,132,2ABA027,62
73.177795,137.34067,25.543484,0.4418331897684477,200.38112,251.38036,20.29284,0.5206724945840917,96.74639,98.12547,49.08054,254.33327,209.19162,440.2137,73.177795,200.38112,133,2ABA027,63
74.51597,135.87497,25.636677,0.4399798553491479,203.7996,255.19147,20.162144,0.5187746808776932,95.18526,99.37955,49.48661,255.65157,209.81737,424.2247,74.51597,203.7996,134,2ABA027,64
68.77625,124.6715,26.384125,0.451773713616104,200.20619,249.36003,20.36293,0.5263671937571025,91.69225,103.15049,47.034622,251.53459,196.119,402.4701,68.77625,200.20619,135,2ABA027,65
69.31426,125.720825,26.311323,0.4549704335224947,209.25249,259.11978,20.029457,0.523394650742695,87.45063,108.22156,48.55573,260.62753,206.13762,397.5962,69.31426,209.25249,136,2ABA027,66
67.16732,121.27684,26.623909,0.4595173040993196,213.71848,263.34125,19.88909,0.5058329510515889,83.5899,107.05514,49.842087,269.98428,200.58168,391.47968,67.16732,213.71848,137,2ABA027,67
65.63954,120.39644,26.687195,0.4612616059827603,204.13423,251.95047,20.273163,0.5275160060540776,85.17029,105.08124,48.152084,257.11176,211.98581,395.27997,65.63954,204.13423,138,2ABA027,68
68.91049,128.42741,26.126312,0.45607875783654495,204.73526,254.69255,20.179142,0.5305857608410177,88.2433,104.82098,50.338356,256.50473,231.17001,430.09872,68.91049,204.73526,139,2ABA027,69
72.183426,138.41272,25.475948,0.4490799680846475,206.71594,259.43137,20.019018,0.5302609202486379,89.4584,105.4655,53.44372,257.0883,263.8362,467.23236,72.183426,206.71594,140,2ABA027,70
76.88967,148.72792,24.851618,0.4410565025862552,209.41864,264.55032,19.849302,0.5292875453041952,95.278694,109.859535,54.64497,256.43274,303.6093,495.67282,76.88967,209.41864,141,2ABA027,71
79.246574,151.63222,24.683638,0.4433881040727553,209.33707,265.57373,19.815765,0.5314511038239204,93.96025,106.06861,57.36933,256.68307,296.11865,493.8739,79.246574,209.33707,142,2ABA027,72
82.24791,152.27524,24.646883,0.43843899063642994,210.79976,265.90146,19.805052,0.5282313710897171,98.33011,107.49771,59.657066,259.12717,245.76945,453.26025,82.24791,210.79976,143,2ABA027,73
82.9932,149.01413,24.834919,0.4337053178973859,211.7338,265.30548,19.824543,0.5301579784265347,100.64877,113.24194,59.710903,259.69055,226.50676,429.37567,82.9932,211.7338,144,2ABA027,74
82.66719,148.16179,24.884743,0.43473226385160096,210.46078,264.36557,19.85537,0.5385567730539943,97.445946,115.292145,60.217587,256.87515,226.12491,428.52966,82.66719,210.46078,145,2ABA027,75
80.64624,147.73833,24.909603,0.444758798692112,207.62576,262.37546,19.921003,0.545577143059986,93.70555,117.622604,59.196976,251.74619,223.75728,418.54108,80.64624,207.62576,146,2ABA027,76
80.182526,145.77551,25.025778,0.44791975659994343,202.28896,256.14117,20.129879,0.5490599172737254,95.575905,122.536354,62.17699,245.47714,208.35234,398.86768,80.182526,202.28896,147,2ABA027,77
78.205795,144.99045,25.072681,0.4553719997026551,198.48187,253.3958,20.22348,0.5545758513119201,92.487724,119.6777,62.224182,243.7719,208.70311,381.73074,78.205795,198.48187,148,2ABA027,78
80.44393,148.42952,24.869062,0.4470076668350843,196.07869,253.19275,20.230442,0.5629422244937626,89.75565,115.36623,68.77141,242.3023,199.84158,395.3331,80.44393,196.07869,149,2ABA027,79
84.80911,155.76674,24.449974,0.44455919273458216,195.87064,254.55637,20.183788,0.5649110605155,85.14023,115.37747,79.42683,241.97784,195.45708,394.20636,84.80911,195.87064,150,2ABA027,80
86.91736,156.56296,24.405687,0.4267372532660757,194.74211,255.80861,20.141165,0.5808571011142765,84.99325,115.01822,82.21572,241.37466,202.31534,382.92407,86.91736,194.74211,151,2ABA027,81
105.18223,194.60638,22.516327,0.2999481097423491,335.86548,368.81348,16.963331,0.5517640214801842,326.58334,208.18703,68.0604,329.55005,242.16675,476.34326,105.18223,335.86548,152,2ABA030,6
97.8696,185.83183,22.917065,0.33399720410054917,333.2801,363.53397,17.088568,0.55167837893381,317.91675,204.18059,61.800797,324.15823,215.53406,485.83987,97.8696,333.2801,153,2ABA030,7
89.42649,175.74637,23.40174,0.3724660135175018,333.70758,363.18213,17.09698,0.5504341153422944,311.91275,205.52466,54.806305,324.86566,193.10617,482.62787,89.42649,333.70758,154,2ABA030,8
92.01465,178.59511,23.262077,0.3567303847613329,335.75134,364.58762,17.063429,0.5488444547445215,295.9498,201.65895,57.760017,326.76724,199.82356,488.7669,92.01465,335.75134,155,2ABA030,9
90.7109,177.4175,23.31954,0.3676254246302517,337.57623,365.84756,17.033464,0.5513189601142515,296.32483,201.33261,54.209896,327.85962,209.24545,498.69263,90.7109,337.57623,156,2ABA030,10
91.32483,180.21225,23.183783,0.3755635577351106,342.609,370.11932,16.932632,0.5528684706292146,314.2371,211.86943,51.237324,331.4678,208.15778,499.93982,91.32483,342.609,157,2ABA030,11
91.26383,179.17088,23.23412,0.37835210078790377,343.8024,371.3052,16.904846,0.5564678215453412,316.00815,209.54836,50.471573,333.0169,206.78403,503.23087,91.26383,343.8024,158,2ABA030,12
91.43884,179.4052,23.222769,0.37527055982676766,343.58972,371.09564,16.90975,0.5633127471754851,318.01062,205.28882,50.621323,332.90417,211.51031,517.31573,91.43884,343.58972,159,2ABA030,13
92.603615,182.68372,23.065472,0.37226796658721306,342.45978,370.8654,16.915142,0.567346641859121,325.4565,194.65817,50.65901,332.48868,230.14119,544.5625,92.603615,342.45978,160,2ABA030,14
92.07256,183.7678,23.01408,0.37255489112829343,338.4388,366.80807,17.010689,0.5721378684639391,336.56046,194.45766,51.148766,331.11053,223.6362,542.9177,92.07256,338.4388,161,2ABA030,15
89.64123,181.81818,23.106724,0.3763983172728992,336.70517,363.86633,17.08063,0.5748327941729481,340.599,185.09326,49.049267,332.65106,214.34389,544.99146,89.64123,336.70517,162,2ABA030,16
89.015434,182.02345,23.096922,0.37634665991878974,339.9476,366.75568,17.01193,0.5812388594669572,336.21002,180.6134,49.6716,335.66,220.11037,554.9013,89.015434,339.9476,163,2ABA030,17
86.80164,175.56851,23.410534,0.383747557895264,339.55325,365.66602,17.037775,0.5859280242686948,318.95892,149.31093,50.359097,338.57248,221.08398,558.9965,86.80164,339.55325,164,2ABA030,18
89.34895,182.81837,23.059072,0.3742001809987845,338.64124,364.50586,17.065376,0.5930665851455399,348.63855,160.95944,52.151657,337.67383,210.13297,557.0496,89.34895,338.64124,165,2ABA030,19
91.362755,187.54556,22.837332,0.37088269837099963,338.0456,364.19684,17.072744,0.5998851967113903,359.10297,175.39503,51.72875,338.26474,224.45596,569.30865,91.362755,338.0456,166,2ABA030,20
88.79307,185.16365,22.948353,0.3812585600802872,336.65527,363.082,17.099373,0.6071683148051013,352.63156,174.30034,48.665054,337.72455,238.89891,605.366,88.79307,336.65527,167,2ABA030,21
87.58613,187.83083,22.824131,0.38653269883845864,330.45132,355.53696,17.281773,0.6155508212589458,374.31662,176.67451,47.362206,334.8175,223.53116,593.3858,87.58613,330.45132,168,2ABA030,22
86.402214,186.37488,22.891722,0.39380818422881547,330.1864,354.9871,17.295216,0.61849017796148,376.2582,170.73637,46.84513,335.5056,235.04062,591.83167,86.402214,330.1864,169,2ABA030,23
80.395645,173.91292,23.492832,0.3986593953284985,330.4845,354.89905,17.29737,0.6180302546530957,345.45715,155.39926,46.854904,338.1363,222.48114,577.5537,80.395645,330.4845,170,2ABA030,24
83.35512,185.37549,22.938423,0.3948414491320382,333.67603,358.35583,17.213177,0.6172784624253672,373.13913,180.41286,46.153263,339.23828,222.79008,590.7892,83.35512,333.67603,171,2ABA030,25
84.7933,192.82388,22.596252,0.3939448350608508,335.94244,359.4556,17.186562,0.6134227980404822,401.46768,219.28386,46.235054,339.27835,193.70749,579.6952,84.7933,335.94244,172,2ABA030,26
86.83646,195.50479,22.47632,0.3836313579757077,338.77188,363.1685,17.097303,0.6100996692326501,405.67578,236.88036,46.24259,340.05597,220.27496,583.6836,86.83646,338.77188,173,2ABA030,27
87.06653,193.40361,22.570175,0.38442124142933914,345.39963,370.49396,16.923845,0.604463386740675,399.7194,246.16681,46.495373,343.67407,217.64607,587.643,87.06653,345.39963,174,2ABA030,28
82.0183,180.80309,23.15535,0.3839705223083529,345.71414,370.5808,16.921808,0.6009227374546756,369.3782,234.47623,47.81092,344.7321,204.34152,594.3868,82.0183,345.71414,175,2ABA030,29
77.93055,164.51057,23.975592,0.3715376453783684,341.1286,365.42352,17.043537,0.5962555028349178,324.7141,194.32051,49.91907,343.25958,218.17952,604.9627,77.93055,341.1286,176,2ABA030,30
73.05948,149.57297,24.802406,0.3714189242644915,344.4986,369.25836,16.95286,0.5911794578817811,268.4425,160.71637,50.376904,345.91394,217.8271,611.10785,73.05948,344.4986,177,2ABA030,31
71.26045,147.93811,24.897865,0.36725691962284474,342.2525,366.12006,17.026997,0.5890224240571679,262.32886,160.04013,51.745827,346.73932,221.3279,620.1031,71.26045,342.2525,178,2ABA030,32
73.2259,152.12189,24.655636,0.3637981504272519,341.55347,365.64835,17.038195,0.5909769428407147,273.2114,157.12518,53.272194,347.6741,240.05482,643.45447,73.2259,341.55347,179,2ABA030,33
82.00216,170.04033,23.688429,0.35374209762599723,347.2633,372.90042,16.867609,0.5897040779336071,321.30588,184.50685,55.098953,351.3494,241.67278,654.3499,82.00216,347.2633,180,2ABA030,34
92.09607,190.68076,22.69333,0.34543921624707163,352.2399,378.21863,16.74461,0.5877645756803488,373.4303,220.43134,57.740414,355.09753,234.27625,633.2103,92.09607,352.2399,181,2ABA030,35
94.12586,199.10625,22.31777,0.3448557349528525,353.8113,379.1707,16.722773,0.5887334128227475,399.27237,240.6128,57.668655,357.06094,206.59702,602.2507,94.12586,353.8113,182,2ABA030,36
97.72942,207.57898,21.9558,0.34086861554939424,355.99805,381.43048,16.67116,0.5881774684383781,418.48715,242.73344,57.409424,360.00302,206.44257,612.7677,97.72942,355.99805,183,2ABA030,37
99.6994,213.41722,21.714878,0.34554936554976934,357.42374,384.11966,16.610136,0.5870715257870684,433.29855,244.06601,55.7743,362.2426,203.60634,604.14484,99.6994,357.42374,184,2ABA030,38
98.43519,213.836,21.697853,0.3568870273480266,358.50735,386.43195,16.558006,0.5842719764263185,432.31158,239.1986,54.79612,363.5104,183.18243,578.23834,98.43519,358.50735,185,2ABA030,39
99.93558,223.64645,21.308228,0.35365962631534276,361.38278,388.48074,16.512077,0.5816960952652782,462.00015,267.51166,53.31272,366.6346,202.59703,596.6277,99.93558,361.38278,186,2ABA030,40
99.89209,224.77702,21.26443,0.3543482056005279,360.2219,387.04398,16.544262,0.5811347506646839,462.9254,270.86264,53.473633,365.55698,192.92354,579.1437,99.89209,360.2219,187,2ABA030,41
97.88462,211.31631,21.800806,0.3427359100426076,355.29346,381.72128,16.66454,0.5793438617026605,418.28458,228.31161,57.24395,363.50284,183.99872,589.2764,97.88462,355.29346,188,2ABA030,42
89.46941,191.287,22.665758,0.33804379812723,353.95035,380.14236,16.700542,0.582314896571969,364.17728,202.21011,57.865017,362.47125,193.87808,605.552,89.46941,353.95035,189,2ABA030,43
87.5912,187.61156,22.834278,0.3422802577151349,354.4024,379.88815,16.706352,0.5844799560428272,361.51965,209.80376,56.300842,361.98285,192.01169,584.6783,87.5912,354.4024,190,2ABA030,44
89.65078,192.38945,22.615843,0.34285789411970685,355.62906,380.9262,16.68265,0.5845911363494068,376.56586,218.78099,53.82403,362.59766,209.04358,590.43,89.65078,355.62906,191,2ABA030,45
90.97181,198.65161,22.337627,0.34567576458813803,357.84717,382.90692,16.637604,0.5826039446951732,396.2697,229.63002,50.998535,364.15372,203.06332,587.63855,90.97181,357.84717,192,2ABA030,46
88.89074,199.43953,22.303242,0.3604953304774591,357.704,382.7189,16.641869,0.5858325740582551,401.06845,232.56944,47.996517,364.11517,212.77322,598.9597,88.89074,357.704,193,2ABA030,47
83.779396,193.28105,22.575684,0.37439826752875904,355.90768,380.03625,16.702967,0.589477693093794,391.67126,231.6881,43.962715,363.17514,221.08763,601.84973,83.779396,355.90768,194,2ABA030,48
80.35338,188.28712,22.803057,0.37966819525556544,355.2231,378.48325,16.738533,0.5924278682486864,386.81882,231.65053,41.31888,362.7326,190.90826,571.42737,80.35338,355.2231,195,2ABA030,49
77.7837,185.33968,22.9401,0.38231055285885807,355.3643,378.41837,16.740023,0.593435087174976,380.22607,230.86821,39.943092,362.32632,200.11205,576.5681,77.7837,355.3643,196,2ABA030,50
76.102715,178.88681,23.247902,0.37774180047697764,353.9529,377.232,16.767296,0.5923431430276368,355.3024,208.359,40.019283,362.7596,208.25128,569.059,76.102715,353.9529,197,2ABA030,51
72.321686,164.90895,23.954582,0.37378416486450183,351.73682,375.00504,16.818726,0.5882962548072478,318.12048,172.75793,40.9551,364.6842,214.19283,564.01086,72.321686,351.73682,198,2ABA030,52
71.29435,159.64793,24.236202,0.3696734627445024,354.84335,378.45135,16.739265,0.5874007433646339,302.31085,163.1224,41.040806,366.5556,218.00949,567.9403,71.29435,354.84335,199,2ABA030,53
68.90363,154.7643,24.506052,0.36805926527341865,357.5056,382.24484,16.652634,0.584259240578044,285.0114,148.2792,40.95265,370.41263,221.59087,571.89264,68.90363,357.5056,200,2ABA030,54
67.39348,149.31482,24.81741,0.36489726245416537,358.2929,384.6763,16.597559,0.582190576994483,263.6708,132.8992,42.63619,373.301,226.0036,577.3108,67.39348,358.2929,201,2ABA030,55
69.1518,148.26108,24.878925,0.3568019396252046,358.6389,386.6203,16.553774,0.5795582579633464,250.63972,121.45312,46.532345,375.8285,223.33578,571.65753,69.1518,358.6389,202,2ABA030,56
74.399414,157.67455,24.344236,0.35458099896197326,359.06625,387.71088,16.529308,0.5768319077231109,230.73816,115.57746,54.359665,377.16272,217.1791,565.0102,74.399414,359.06625,203,2ABA030,57
79.62779,164.55118,23.973448,0.35818540221070155,361.3215,391.507,16.444677,0.5734221793713713,234.05833,116.996574,58.341377,380.1894,212.84323,557.59717,79.62779,361.3215,204,2ABA030,58
77.187126,154.39772,24.526651,0.3674257079462701,360.25708,390.97763,16.456429,0.5700819256376395,204.91827,122.62322,56.87711,380.29346,219.00478,551.7677,77.187126,360.25708,205,2ABA030,59
74.3795,149.29115,24.818787,0.3755546363143549,356.72955,389.46222,16.49016,0.5706867903292435,195.12796,115.48106,53.319454,380.1362,199.92354,526.4938,74.3795,356.72955,206,2ABA030,60
79.44512,163.03983,24.053595,0.3716523294876872,350.05075,384.44635,16.602753,0.5729152758176955,218.49779,121.24596,55.968575,376.87985,168.85489,510.64728,79.44512,350.05075,207,2ABA030,61
84.4942,176.44931,23.36707,0.3678442716319276,348.6502,383.81964,16.616924,0.5760029630842289,237.5267,127.4977,56.362568,376.0781,183.23674,527.204,84.4942,348.6502,208,2ABA030,62
85.48582,183.03786,23.048649,0.37303813465111757,347.5966,382.20837,16.653463,0.5733587393690163,226.99727,116.36144,60.642223,376.27982,191.24959,530.7206,85.48582,347.5966,209,2ABA030,63
77.2803,173.5505,23.51095,0.40339373377166654,350.06912,383.63516,16.621098,0.5690949075771715,197.62697,103.388275,57.3771,377.6825,207.79384,546.6291,77.2803,350.06912,210,2ABA030,64
70.22489,159.04749,24.268932,0.4197870489326039,354.52927,386.88428,16.547846,0.562558468545901,176.41278,113.772484,52.172176,380.52652,199.05191,529.4038,70.22489,354.52927,211,2ABA030,65
70.24036,150.47855,24.749975,0.40237669172237245,359.3351,391.7951,16.438288,0.5531536938722126,159.01312,102.32651,53.963585,385.0758,204.11743,518.7492,70.24036,359.3351,212,2ABA030,66
72.04165,154.7011,24.509602,0.40110572373291054,354.0452,385.2351,16.584951,0.5546927814999274,167.0004,98.99502,56.406773,379.99197,179.90944,501.21542,72.04165,354.0452,213,2ABA030,67
70.45283,153.32214,24.587372,0.4039738639978824,348.65628,379.16232,16.722963,0.5600056586879104,182.54825,94.66449,52.287743,373.60373,185.68066,501.0891,70.45283,348.65628,214,2ABA030,68
67.09521,144.74036,25.087677,0.3981222134713884,356.51077,385.69788,16.574522,0.5402901791466814,184.69589,89.61479,47.930054,381.56805,203.02347,518.2134,67.09521,356.51077,215,2ABA030,69
61.643425,134.53731,25.722614,0.4063258879226171,352.91324,380.04565,16.702751,0.5389795852583704,190.99617,90.529175,41.907196,377.21988,204.05687,506.0673,61.643425,352.91324,216,2ABA030,70
58.25293,126.07649,26.286785,0.4174786386788039,349.45047,374.99826,16.818882,0.5427153360201308,176.4062,90.278465,39.875797,372.73447,211.00453,507.84207,58.25293,349.45047,217,2ABA030,71
52.390694,108.78399,27.568169,0.42289749324004694,345.70737,369.62283,16.944292,0.5461891030564221,158.6399,89.67083,35.657436,368.00314,223.24875,516.67896,52.390694,345.70737,218,2ABA030,72
51.63675,107.98649,27.632082,0.42640664619496,340.90952,364.41467,17.06755,0.5477412166757318,165.34065,87.78939,32.02917,363.16647,232.27248,522.7489,51.63675,340.90952,219,2ABA030,73
55.70897,117.71583,26.88277,0.42200378322475296,334.6072,357.35297,17.237518,0.5502982659525506,177.42023,94.08626,34.264515,357.20172,211.18945,506.8305,55.70897,334.6072,220,2ABA030,74
57.48133,122.615685,26.528547,0.42062476401938104,329.9521,353.18103,17.33952,0.5548863385042616,177.04091,97.32252,34.539425,352.8467,206.03229,498.71774,57.48133,329.9521,221,2ABA030,75
55.170757,115.748795,27.029137,0.4271190713245623,322.3937,346.7176,17.49995,0.562868780404206,148.83438,85.295334,35.506752,347.8457,204.01788,497.5662,55.170757,322.3937,222,2ABA030,76
52.167797,113.49296,27.20009,0.43807219622415483,313.13477,337.87686,17.724298,0.5738817917219298,149.30957,89.88117,32.124634,341.27637,186.94261,485.5197,52.167797,313.13477,223,2ABA030,77
55.92782,121.75397,26.589806,0.421562522568936,304.16574,330.3353,17.920368,0.5814575093875839,160.96088,91.36281,32.852867,335.59943,190.84915,461.51218,55.92782,304.16574,224,2ABA030,78
57.980373,127.11625,26.215446,0.4237912773504385,298.71237,325.13165,18.058283,0.5856346461071095,165.47824,87.65759,31.727772,331.89774,201.3957,454.06836,57.980373,298.71237,225,2ABA030,79
58.79221,126.0046,26.29174,0.42060576607364214,293.1196,319.62473,18.20666,0.5914701108905379,159.54413,92.09625,33.338715,327.42242,206.11035,454.88538,58.79221,293.1196,226,2ABA030,80
67.80589,139.56409,25.403996,0.3942102683444912,290.23987,318.4176,18.239525,0.5949220234211943,168.07228,94.48838,42.614464,325.86414,171.9241,436.50317,67.80589,290.23987,227,2ABA030,81
74.58158,154.8698,24.500134,0.3737598878775137,292.86328,322.06464,18.140606,0.6021111215354849,205.55447,103.720375,42.810158,325.82443,164.7948,429.1458,74.58158,292.86328,228,2ABA030,82
63.01536,119.3272,26.764679,0.38307244914953986,264.7567,302.62003,18.681513,0.512378054242972,138.86221,147.50922,47.28803,258.8128,236.76587,539.3855,63.01536,264.7567,229,2ABA033,6
59.86989,115.04123,27.082397,0.41100344041360476,265.96713,304.64575,18.623566,0.5149410918534543,133.63206,131.00963,43.323387,259.5078,238.32364,549.903,59.86989,265.96713,230,2ABA033,7
59.877262,118.82773,26.801111,0.42342638954121803,268.6557,308.8574,18.504307,0.5192391991118886,144.89325,117.56862,41.0317,260.17157,241.27357,566.36316,59.877262,268.6557,231,2ABA033,8
60.8368,117.30958,26.9128,0.4145690418220357,269.83966,311.1593,18.439812,0.5252080388881206,136.25085,104.575935,41.78667,260.84482,250.19707,572.5977,60.8368,269.83966,232,2ABA033,9
61.908745,116.54029,26.969946,0.4056524852413515,271.5311,313.39233,18.3777,0.5299735422038636,130.97963,94.32558,43.007042,261.95206,254.26822,587.602,61.908745,271.5311,233,2ABA033,10
64.19454,118.202095,26.846964,0.38033138287916585,272.6853,315.02844,18.332472,0.5343166837171396,128.30063,87.896324,45.1144,262.35498,259.19983,592.4641,64.19454,272.6853,234,2ABA033,11
64.6125,117.48343,26.899937,0.3669004961488364,272.06326,314.16632,18.356274,0.5359086641680316,125.00806,80.91344,46.277294,262.1663,257.6109,595.4221,64.6125,272.06326,235,2ABA033,12
65.86233,118.78498,26.804237,0.35402312023338395,273.02713,314.79102,18.339022,0.5330772003145642,125.28472,74.30463,47.810417,263.6804,257.6036,595.5789,65.86233,273.02713,236,2ABA033,13
67.83008,121.29102,26.622896,0.3441756209565688,276.4913,318.4234,18.239367,0.5274513398581953,120.683495,70.291084,48.845848,265.82898,272.44156,611.61206,67.83008,276.4913,237,2ABA033,14
71.45195,124.77411,26.37698,0.33960549863445755,283.082,325.5612,18.046814,0.5205123452668329,117.585175,67.16989,49.50016,269.1169,278.28262,605.6705,71.45195,283.082,238,2ABA033,15
77.22915,127.46288,26.191792,0.32883373994072645,288.78003,331.0796,17.900818,0.5164299955329293,110.96955,64.23353,52.36422,271.47327,274.13544,581.48016,77.22915,288.78003,239,2ABA033,16
75.949394,123.24128,26.484344,0.3327520902419677,289.73816,332.5958,17.861132,0.5109676126273476,106.135124,62.113976,52.6859,271.97272,247.84262,567.6051,75.949394,289.73816,240,2ABA033,17
78.47294,128.00587,26.15487,0.3334884256952737,292.8687,337.3469,17.737934,0.5011444210248949,103.07413,62.415756,54.500088,273.75534,257.2513,579.79816,78.47294,292.8687,241,2ABA033,18
82.815926,134.86644,25.70139,0.33796776539189866,296.55505,342.29623,17.611425,0.4982270983515977,108.41584,64.086494,55.009182,274.46268,269.6999,580.61707,82.815926,296.55505,242,2ABA033,19
84.57062,137.67397,25.522432,0.33396689354890247,295.65744,341.30145,17.636703,0.5014194329450957,123.52955,66.433846,54.262012,273.76688,268.5008,568.8697,84.57062,295.65744,243,2ABA033,20
86.21945,140.73285,25.331558,0.3470620886593554,295.5206,341.08972,17.642094,0.509201504021658,130.53094,67.60924,53.08338,273.99554,274.765,560.87524,86.21945,295.5206,244,2ABA033,21
84.58028,141.92531,25.258272,0.36100260831659764,289.76532,336.35538,17.763498,0.5261723341183467,140.07747,70.67093,49.69926,268.65894,290.63147,571.892,84.58028,289.76532,245,2ABA033,22
81.75124,140.01071,25.376244,0.36431142630507196,282.77438,329.09338,17.953085,0.5405041361135293,144.90875,73.88512,49.512127,264.95193,296.60648,576.4702,81.75124,282.77438,246,2ABA033,23
78.69585,137.45207,25.536442,0.3762111328974502,279.04834,324.1971,18.083284,0.5436863988981042,159.11995,75.97571,47.29131,264.28598,284.78806,569.6094,78.69585,279.04834,247,2ABA033,24
78.38827,138.87761,25.446825,0.3779073382171908,277.09766,321.37747,18.159159,0.5445873807008937,169.03807,82.972084,46.347088,262.8026,284.638,562.7706,78.38827,277.09766,248,2ABA033,25
78.303375,141.3291,25.294836,0.37732072601751665,274.26486,317.9425,18.252495,0.5467304344682634,187.22594,88.69203,46.00431,260.29285,284.42252,563.9003,78.303375,274.26486,249,2ABA033,26
79.60885,145.17418,25.061682,0.36740912549634874,274.46457,318.38806,18.240334,0.5512140792594368,198.6721,99.687485,45.99161,258.37296,292.35837,572.50604,79.60885,274.46457,250,2ABA033,27
79.296646,146.99171,24.953611,0.3687640509736778,274.91534,319.1209,18.220362,0.5540174478012619,206.14671,108.436356,45.20094,257.23605,308.5359,590.8203,79.296646,274.91534,251,2ABA033,28
77.467674,143.73586,25.148165,0.3715267636830835,274.7341,317.4844,18.26502,0.5505219940753057,203.49226,108.68664,45.480324,258.70282,292.62494,577.98047,77.467674,274.7341,252,2ABA033,29
76.952156,144.23996,25.117758,0.3698564387377253,275.98065,318.5749,18.235237,0.545890216327536,209.6799,107.53892,45.018253,259.9909,280.50714,576.4808,76.952156,275.98065,253,2ABA033,30
80.16161,155.88153,24.443573,0.37038365861099043,278.04556,323.3458,18.106121,0.5454736366997308,229.67328,116.66274,43.489326,260.33276,318.5856,609.3852,80.16161,278.04556,254,2ABA033,31
76.90712,154.13818,24.541264,0.3678113558877228,274.29025,316.50098,18.291965,0.5427560802091708,241.1859,120.00444,43.59964,262.32248,301.17807,593.7741,76.90712,274.29025,255,2ABA033,32
72.90588,146.77663,24.966331,0.3660234581773004,267.84686,307.98538,18.528866,0.5427486011453263,235.44098,118.8567,42.843372,259.88904,287.80823,575.5511,72.90588,267.84686,256,2ABA033,33
70.825966,145.58469,25.037155,0.3691100754592051,264.1942,305.83044,18.589853,0.5468995199633877,228.45189,111.65565,41.11905,256.81268,316.54306,606.77124,70.825966,264.1942,257,2ABA033,34
70.57143,145.799,25.024376,0.369065277660983,263.44745,306.05835,18.583382,0.5507002157136546,219.51338,100.402,41.11033,256.3505,341.40738,627.8645,70.57143,263.44745,258,2ABA033,35
70.62594,146.32942,24.992836,0.3717072290312689,263.59857,306.4748,18.571571,0.5519336931752359,212.06473,92.655754,40.878094,256.6517,345.98276,618.5383,70.62594,263.59857,259,2ABA033,36
70.09556,145.51988,25.041023,0.37723664898936343,264.247,307.5668,18.540678,0.5539216746083823,201.14053,83.90534,40.080086,256.52884,338.57098,608.5709,70.09556,264.247,260,2ABA033,37
70.5957,146.69653,24.97107,0.37561836094567175,264.63007,308.50467,18.514233,0.5542867749237834,192.74945,72.58804,40.981304,256.40265,342.74472,617.20935,70.5957,264.63007,261,2ABA033,38
77.0249,160.95264,24.165506,0.3662989959805695,269.23383,313.44083,18.376356,0.5475670736741959,232.54114,99.64784,42.6204,259.73355,337.43402,603.75323,77.0249,269.23383,262,2ABA033,39
84.78847,179.03421,23.240747,0.36126932493290803,278.26218,324.33975,18.079464,0.5399429748805034,270.6963,139.75818,43.695187,264.24902,323.27625,582.04266,84.78847,278.26218,263,2ABA033,40
95.00255,192.75864,22.599192,0.35642211224351117,288.56943,336.61493,17.7568,0.5369398659634305,296.06726,164.1623,45.207874,265.94806,316.13077,573.7568,95.00255,288.56943,264,2ABA033,41
95.38029,196.05243,22.452023,0.3604830738188996,287.64575,336.46527,17.760662,0.5365103156321378,308.05017,178.5799,45.532936,263.79706,298.70636,573.7839,95.38029,287.64575,265,2ABA033,42
98.12432,205.35222,22.04948,0.36426471661535315,286.9863,334.8911,17.801395,0.5325527892029724,347.48892,211.62518,44.712852,262.89642,292.4768,565.3155,98.12432,286.9863,266,2ABA033,43
101.03656,213.29887,21.719696,0.36442909297425446,288.13046,334.61218,17.808632,0.5303648674659575,374.52094,234.49016,44.506775,263.10214,281.6052,551.6899,101.03656,288.13046,267,2ABA033,44
99.85415,209.70552,21.867271,0.36247655572588416,286.49362,332.40656,17.866076,0.532125656518405,369.66733,234.62543,44.789036,262.19986,287.13202,556.84393,99.85415,286.49362,268,2ABA033,45
96.681335,200.91022,22.239428,0.3650105702342382,284.59836,329.55444,17.940924,0.5336153188264057,351.24164,230.90913,45.326477,261.04596,282.56906,550.77997,96.681335,284.59836,269,2ABA033,46
96.72355,196.4323,22.43521,0.35184031986622677,283.23343,328.72406,17.962837,0.5350472945350353,332.64728,228.1369,47.456326,259.70242,284.0375,542.611,96.72355,283.23343,270,2ABA033,47
94.203545,191.64955,22.649311,0.3523491334223811,281.13898,327.54712,17.993992,0.5388303252477269,309.1906,222.20328,47.198643,257.50845,296.9805,547.7305,94.203545,281.13898,271,2ABA033,48
92.34784,186.71532,22.87587,0.35058947253131323,278.01447,323.88904,18.091543,0.5395916078114594,300.68335,220.62108,48.33071,255.36076,294.28403,551.30383,92.34784,278.01447,272,2ABA033,49
88.65702,178.02869,23.289669,0.353951100407555,273.8664,317.88898,18.253958,0.5381648495526029,288.8833,213.10645,48.409405,252.93713,273.88846,538.98004,88.65702,273.8664,273,2ABA033,50
86.397896,171.52946,23.612692,0.3550207207135486,271.86786,315.3871,18.32259,0.5356385830820037,267.5093,197.54378,48.221992,251.74124,273.39432,534.5906,86.397896,271.86786,274,2ABA033,51
87.3404,174.32011,23.472519,0.352327408800705,274.06003,318.21146,18.245152,0.5316959194452723,274.24594,208.80888,48.242867,252.1888,268.0678,529.0314,87.3404,274.06003,275,2ABA033,52
90.962204,180.09335,23.189514,0.34682611238072425,274.46472,319.16702,18.219107,0.5292167004478826,288.3177,216.77399,49.420418,251.561,277.06033,532.62726,90.962204,274.46472,276,2ABA033,53
89.651,178.43674,23.269783,0.35172377904291663,269.92816,314.30893,18.352333,0.5318016280941719,284.80957,208.92781,49.32275,247.93768,278.2768,532.0516,89.651,269.92816,277,2ABA033,54
89.44847,177.99463,23.29133,0.353046144279072,267.16223,310.95813,18.44543,0.5353756292593163,282.7949,204.7226,49.987633,245.98453,280.63153,530.2948,89.44847,267.16223,278,2ABA033,55
90.62706,177.78677,23.30148,0.3452045229031,264.4431,308.19736,18.522888,0.5393401204128283,284.1446,197.69936,51.154102,242.7857,281.2324,532.32385,90.62706,264.4431,279,2ABA033,56
89.80791,173.59372,23.508787,0.3408059224588452,262.31055,305.2837,18.605396,0.5453568838365528,286.01324,199.61005,51.298702,240.05148,274.4317,534.8204,89.80791,262.31055,280,2ABA033,57
88.502625,171.26617,23.626038,0.34087004523388725,260.1066,302.6802,18.679787,0.5484050818397217,282.52463,196.84193,51.863865,239.30919,273.5342,537.78284,88.502625,260.1066,281,2ABA033,58
91.67346,178.8782,23.24832,0.3437744808154817,260.6887,305.4041,18.601969,0.5537878711833969,300.4952,201.21504,51.465614,237.6355,294.6031,556.24036,91.67346,260.6887,282,2ABA033,59
92.92879,184.10333,22.998236,0.3500239725871213,260.67365,307.34686,18.54689,0.5560532773349364,315.27017,212.73103,50.02018,235.73055,305.4255,571.1919,92.92879,260.67365,283,2ABA033,60
89.72053,182.19041,23.088959,0.35720908450709316,255.39252,302.60913,18.681828,0.5615635189331513,316.51245,210.31883,48.933807,233.41023,295.4156,565.6887,89.72053,255.39252,284,2ABA033,61
87.58909,176.74371,23.352589,0.3633312660052349,253.54597,301.29608,18.719597,0.5680323344256373,301.7322,201.53993,48.667706,230.50256,293.2255,574.7841,87.58909,253.54597,285,2ABA033,62
84.90065,169.97606,23.691713,0.36591945214112886,249.76233,295.5455,18.88698,0.5726355329349867,291.06628,187.15027,49.157543,228.79446,288.94922,566.6465,84.90065,249.76233,286,2ABA033,63
86.31909,171.72752,23.602669,0.3570066968032253,249.5786,295.50827,18.888075,0.5732436194192568,291.70325,181.91383,50.83998,229.61719,311.21805,579.7005,86.31909,249.5786,287,2ABA033,64
85.93086,169.68405,23.706648,0.3525240897445021,250.521,297.06247,18.84251,0.5713938797519125,278.9464,175.02664,51.2558,229.83209,301.70844,574.0424,85.93086,250.521,288,2ABA033,65
86.394905,168.40016,23.77262,0.3480044987473792,252.18362,297.61035,18.826508,0.5675695723932102,274.46747,169.78232,51.67341,231.76596,296.17026,560.26935,86.394905,252.18362,289,2ABA033,66
84.35024,163.97105,24.004124,0.34866165737494326,249.54108,292.94644,18.963703,0.5644958137457609,268.59195,164.46803,52.238922,231.41586,287.26904,550.879,84.35024,249.54108,290,2ABA033,67
82.09776,160.36984,24.197014,0.35449303955028577,245.68622,288.20758,19.10536,0.5638357111920692,258.28345,159.4313,51.81765,229.85912,284.7256,538.961,82.09776,245.68622,291,2ABA033,68
81.60273,160.68011,24.180225,0.3579334432837975,245.06699,288.52664,19.095749,0.5631564869549,257.02747,152.12201,51.98424,229.64618,281.7528,537.49365,81.60273,245.06699,292,2ABA033,69
82.15345,154.84146,24.501722,0.3533474657614145,244.81444,287.23935,19.134588,0.5654737537057394,247.33249,147.54233,56.236427,229.38463,240.56377,526.1409,82.15345,244.81444,293,2ABA033,70
77.94362,150.37892,24.755728,0.35878345875659723,240.16457,281.49615,19.310019,0.566575418014485,233.3269,145.14693,54.97274,230.77533,278.1829,542.1611,77.94362,240.16457,294,2ABA033,71
74.14483,143.08336,25.187685,0.3585345212769386,236.73499,276.0731,19.478987,0.562232989157551,209.62904,146.76202,55.24821,231.4382,286.0941,527.8624,74.14483,236.73499,295,2ABA033,72
74.70751,145.24449,25.057476,0.3621400243436246,240.62796,282.5568,19.277351,0.5669214043472712,202.61174,151.19548,52.815872,229.52127,275.6396,535.20416,74.70751,240.62796,296,2ABA033,73
73.23801,147.07722,24.948559,0.36764072039378115,238.05428,281.00372,19.325226,0.5662698637940808,199.12715,155.93167,52.949444,229.36885,260.74326,502.1975,73.23801,238.05428,297,2ABA033,74
69.78355,144.94514,25.075396,0.38022563571211104,233.86668,276.05267,19.479628,0.5606993877440035,195.74524,157.88808,51.68925,229.39095,307.12976,522.0725,69.78355,233.86668,298,2ABA033,75
73.43868,155.24815,24.47894,0.37906139656320625,234.27055,277.41052,19.43701,0.560063956128556,216.95688,171.69464,53.264328,228.68631,345.32153,557.0505,73.43868,234.27055,299,2ABA033,76
