sct_mae_hu,sct_rmse_hu,sct_psnr,sct_ssim,raw_cbct_mae_hu,raw_cbct_rmse_hu,raw_cbct_psnr,raw_cbct_ssim,sct_mae_air_lung_hu,raw_cbct_mae_air_lung_hu,sct_mae_soft_tissue_hu,raw_cbct_mae_soft_tissue_hu,sct_mae_bone_hu,raw_cbct_mae_bone_hu,sct_mae_body_hu,raw_cbct_mae_body_hu,sample_counter,dataset_index,patient_id,slice_index,mean_uncertainty_hu,std_uncertainty_hu,mean_error_hu,error_uncertainty_corr
127.85115,208.47105,21.918552,0.3589992957359225,113.35887,226.23273,21.208359,0.881852021834041,187.75424,169.25426,87.81263,79.41707,134.02824,102.03787,127.85115,113.35887,0,1309,2ABA128,17,57.017414,50.336105,127.85115,0.11622395612805313
60.390923,123.51149,26.46532,0.31304355441871834,292.86328,322.06464,18.140606,0.6021111215354849,131.24123,103.720375,41.72347,325.82443,139.73657,429.1458,60.390923,292.86328,1,228,2ABA030,82,36.57508,47.29704,60.390923,0.19046948473017053
100.37706,179.96559,23.195679,0.31894349557659,195.36374,272.94446,19.577982,0.6674678615443722,154.78902,147.35158,78.23347,211.73145,118.436455,256.05984,100.37706,195.36374,2,51,2ABA006,57,59.374413,71.7646,100.37706,0.2351815591582214
131.46864,232.89279,20.956347,0.2527592548442428,250.97409,279.50906,19.37155,0.38598660327249174,302.40665,160.39525,86.34598,271.47217,161.04868,303.9342,131.46864,250.97409,3,1518,2ABA132,75,35.595547,48.784378,131.46864,0.02457752379700351
67.83254,131.49445,25.921318,0.25648532381654426,255.1945,297.32468,18.834848,0.6504107543607848,55.279247,77.386314,53.240967,250.45566,299.83548,595.6728,67.83254,255.1945,4,563,2ABA068,26,32.356014,49.94088,67.83254,0.2651681092419277
63.447563,132.9414,25.826263,0.35382173378610826,219.16425,249.01698,20.37489,0.5510576903938915,171.74672,111.16385,44.813442,224.12721,161.16444,404.6689,63.447563,219.16425,5,501,2ABA064,41,26.666828,49.805958,63.447563,0.08740465261773438
91.13045,139.50412,25.407726,0.3644366384046498,109.66853,159.0093,24.271019,0.7877058238172644,76.76679,117.76291,89.09733,97.33996,174.92299,234.37148,91.13045,109.66853,6,457,2ABA056,85,58.34326,67.931,91.13045,-0.08442364925210011
78.2602,169.65506,23.708132,0.34226273761736076,253.54597,301.29608,18.719597,0.5680323344256373,264.877,201.53993,41.82063,230.50256,286.26202,574.7841,78.2602,253.54597,7,285,2ABA033,62,27.841066,39.925095,78.2602,0.08511118131327516
92.25775,169.87343,23.696959,0.2911844868524728,266.30765,291.4239,19.008965,0.39835054465761205,239.39893,130.38103,71.42554,280.14786,101.5549,336.157,92.25775,266.30765,8,1508,2ABA132,65,23.389496,37.58997,92.25775,0.22583836209228977
87.67344,187.04681,22.860462,0.28990754304735583,347.5966,382.20837,16.653463,0.5733587393690163,357.75827,116.36144,45.160267,376.27982,143.03664,530.7206,87.67344,347.5966,9,209,2ABA030,63,28.901466,42.389538,87.67344,0.12973313618317056
69.5214,128.10313,26.148273,0.29980477669090466,164.70538,194.41516,22.524864,0.6425773210246326,172.45818,90.329384,47.863094,166.08899,204.10043,323.89316,69.5214,164.70538,10,1385,2ABA130,18,26.584164,47.530685,69.5214,0.09773217637976245
122.490295,222.71986,21.344288,0.26216150839553276,258.83685,287.29913,19.132782,0.38372022814787976,302.77957,168.72372,80.79947,274.24484,172.58527,336.437,122.490295,258.83685,11,1516,2ABA132,73,22.905714,28.07925,122.490295,0.060739848525022365
67.32685,101.565155,28.164576,0.27988369290343273,279.5563,305.67062,18.594395,0.5703879613738988,73.796906,99.44993,62.533585,283.93356,219.80101,488.71075,67.32685,279.5563,12,1116,2ABA104,50,22.57677,34.361107,67.32685,0.13809024285639712
71.547806,150.25153,24.76309,0.2897320135647325,342.2525,366.12006,17.026997,0.5890224240571679,259.2049,160.04013,53.650486,346.73932,181.11485,620.1031,71.547806,342.2525,13,178,2ABA030,32,25.60717,43.530483,71.547806,0.2736028285254521
165.09961,325.1293,18.058346,0.31895412861975214,180.4393,323.52737,18.101246,0.7674113769359434,347.4315,338.36456,76.117874,101.57549,238.27127,312.89905,165.09961,180.4393,14,1209,2ABA114,69,49.615833,61.5919,165.09961,-0.028858628518097375
82.14041,166.41032,23.875864,0.3884090253213916,96.98366,214.30031,21.679012,0.8761569752045689,153.61241,159.62227,45.41763,65.76884,119.03785,113.323235,82.14041,96.98366,15,864,2ABA082,27,43.702847,41.898804,82.14041,0.0718188477068641
74.82707,174.10112,23.483437,0.39275458633544214,169.72986,232.38713,20.975225,0.6007499998554892,103.05565,144.96436,63.642113,172.62762,151.32495,243.41121,74.82707,169.72986,16,65,2ABA006,71,30.49098,36.917618,74.82707,0.28756280487144203
72.2398,159.20412,24.260384,0.37619983081010455,177.85574,243.97414,20.552593,0.6010229057338994,86.001595,144.12772,66.37175,184.13911,104.76346,234.85982,72.2398,177.85574,17,61,2ABA006,67,54.417645,63.123238,72.2398,0.2233342098888967
91.270226,203.35957,22.134174,0.2835033794981727,355.62906,380.9262,16.68265,0.5845911363494068,395.2323,218.78099,54.008842,362.59766,197.74837,590.43,91.270226,355.62906,18,191,2ABA030,45,26.709486,44.526237,91.270226,0.27888353132256016
112.979744,199.08928,22.318512,0.3904154810020738,118.646,179.40622,23.222717,0.7738352902415575,97.98714,108.34957,110.945755,113.63544,223.2922,263.81595,112.979744,118.646,19,447,2ABA056,75,52.633446,61.38363,112.979744,0.34304186475003207
56.174706,103.14719,28.030321,0.37637428468133177,164.93968,202.61931,22.165852,0.6627843659101066,90.94987,142.4341,45.321293,156.48688,143.3214,355.5783,56.174706,164.93968,20,476,2ABA064,16,37.276787,52.080315,56.174706,0.1540060722017068
75.934166,154.4413,24.5242,0.3168812919890315,192.68048,230.78879,21.035173,0.6043605418178067,144.11882,119.60975,58.280098,189.95389,147.3314,411.26065,75.934166,192.68048,21,1034,2ABA101,45,29.458109,41.41906,75.934166,0.21442892027515864
109.30259,194.52202,22.520094,0.27432347775375,135.43558,257.18353,20.094604,0.856270676469275,152.49963,187.30208,83.76524,113.55879,164.56836,104.04856,109.30259,135.43558,22,1232,2ABA118,16,62.101234,61.272068,109.30259,0.24148186391566975
85.31122,177.53761,23.31366,0.3365829924863064,193.83698,271.9786,19.608772,0.6418359967208312,100.950005,140.37064,79.558975,209.2394,93.746346,239.52089,85.31122,193.83698,23,54,2ABA006,60,49.501144,57.72078,85.31122,0.2117547681326423
88.800224,180.55519,23.167269,0.2821212553911594,102.34033,190.91042,22.682877,0.8542738862121073,83.88432,110.263176,92.14837,104.01324,77.20363,67.666954,88.800224,102.34033,24,1149,2ABA114,9,62.62502,66.54566,88.800224,0.20979521587732922
139.58333,253.0135,20.236591,0.3488049604546732,179.22006,284.45618,19.21916,0.7508460022573336,220.44908,250.4877,88.86726,137.26045,230.05333,227.67795,139.58333,179.22006,25,407,2ABA056,35,55.48897,65.40062,139.58333,-0.006684203961740418
100.003235,185.21098,22.946133,0.2640829348139705,244.53717,281.50482,19.309752,0.5216064519062845,259.73038,151.94467,78.22601,251.8538,128.82092,352.36728,100.003235,244.53717,26,1466,2ABA132,23,29.486841,47.207554,100.003235,0.319471827216903
204.82031,353.3804,17.334618,0.3219778137178451,130.26376,237.17513,20.798084,0.858307924208388,369.69647,196.93102,109.103195,91.28965,89.524124,93.12138,204.82031,130.26376,27,1330,2ABA128,38,35.915985,40.144447,204.82031,0.005835332628002862
84.10814,150.21704,24.765083,0.3375769681816935,180.33655,230.06798,21.062344,0.6477225428242607,99.22368,102.816376,62.247383,198.14471,180.19807,353.09778,84.10814,180.33655,28,1436,2ABA130,69,46.239582,41.904655,84.10814,0.25764485186668
121.48465,241.23996,20.650482,0.37364635928072143,122.33078,241.88235,20.627384,0.857817840597838,240.07356,211.4964,58.703045,76.19483,132.88733,111.5706,121.48465,122.33078,29,859,2ABA082,22,48.262398,49.274765,121.48465,0.03260058902214471
103.53454,173.41637,23.517666,0.37536271684151407,110.31616,169.72813,23.704391,0.7981618385208129,61.06907,100.585655,104.784706,100.894936,247.9715,284.86298,103.53454,110.31616,30,451,2ABA056,79,60.802517,70.97106,103.53454,0.17843237709348525
92.50277,177.08777,23.335697,0.31979539684157604,122.40862,174.78589,23.44934,0.7581124579415244,144.9877,125.378685,55.24903,108.109665,210.36003,276.74582,92.50277,122.40862,31,919,2ABA096,6,42.689457,46.875187,92.50277,0.125314291558445
163.75603,326.1967,18.029877,0.3287456347871546,184.8934,318.02448,18.250257,0.7501474265096433,333.53168,330.2684,81.07964,114.19647,110.81698,137.79962,163.75603,184.8934,32,1206,2ABA114,66,50.518795,58.39829,163.75603,-0.011434979135265085
93.74459,166.13382,23.890306,0.1820561100043274,255.19247,308.13055,18.524773,0.6586309450589933,77.977234,66.326096,76.08349,242.04173,330.93417,638.0864,93.74459,255.19247,33,569,2ABA068,32,30.31961,43.913895,93.74459,0.35803595453390147
135.98688,237.30688,20.793262,0.2859829235824095,149.94023,224.59914,21.271305,0.7804635757492205,261.93863,231.89557,62.61965,96.30208,167.60089,206.79593,135.98688,149.94023,34,13,2ABA006,19,41.074993,46.002697,135.98688,-0.09830386953042093
70.04043,157.98882,24.326942,0.35834000121510273,158.92482,245.28334,20.506105,0.8069805390046577,84.89343,83.46166,59.21056,173.14293,406.4034,414.61832,70.04043,158.92482,35,326,2ABA044,29,46.552563,56.86033,70.04043,0.4269124387754274
118.38675,212.69524,21.744312,0.3356723970078933,211.35654,264.6388,19.846397,0.6470465059879352,105.25018,88.87818,116.91577,237.20447,170.74617,369.90607,118.38675,211.35654,36,1429,2ABA130,62,52.759575,50.05004,118.38675,0.39229877435919497
74.7296,159.0104,24.270956,0.37877442968365194,103.22107,218.86945,21.495764,0.8603072566532464,143.75362,171.17786,39.518154,70.26505,122.56507,123.70349,74.7296,103.22107,37,865,2ABA082,28,47.09112,46.63655,74.7296,0.061663288665444765
192.57156,348.9133,17.445118,0.21740424655254012,260.0832,351.52502,17.380342,0.6263073613167438,606.3766,523.7518,59.36033,173.47371,195.07346,283.2449,192.57156,260.0832,38,696,2ABA075,7,27.962086,41.3042,192.57156,-0.013640533062779568
74.89281,162.42516,24.086401,0.363489462422608,110.77132,172.56194,23.560566,0.8552500224490652,118.60063,67.97195,48.392033,116.30338,501.78806,479.0176,74.89281,110.77132,39,318,2ABA044,21,72.43143,83.01316,74.89281,0.3584101574866099
114.42592,204.0537,22.104578,0.39119231330177884,142.92387,202.29068,22.17995,0.7233913800039432,179.01747,172.50375,81.43137,118.67388,186.60254,260.302,114.42592,142.92387,40,440,2ABA056,68,49.75338,69.828514,114.42592,-0.04504822026195518
63.1779,116.136055,27.000126,0.27228047989501775,172.73703,208.9874,21.897066,0.7055306795872938,70.11064,63.699875,55.919487,175.87787,200.71138,325.70312,63.1779,172.73703,41,689,2ABA071,77,31.556984,46.777843,63.1779,0.2634024691170147
98.297714,210.09558,21.85113,0.28634379614304806,353.95035,380.14236,16.700542,0.582314896571969,424.4877,202.21011,61.70087,362.47125,190.07306,605.552,98.297714,353.95035,42,189,2ABA030,43,17.905474,30.995016,98.297714,0.3853001886428662
112.44683,202.55865,22.168453,0.31433260312412625,105.14034,192.34175,22.617996,0.8573896826299433,190.8919,135.22232,83.02546,93.961555,140.65414,111.834145,112.44683,105.14034,43,778,2ABA077,10,47.805008,57.306232,112.44683,0.29282653797265396
76.90621,165.51675,23.92263,0.2877950977204471,351.73682,375.00504,16.818726,0.5882962548072478,323.86124,172.75793,46.842236,364.6842,173.18236,564.01086,76.90621,351.73682,44,198,2ABA030,52,22.635496,39.852886,76.90621,0.14042148233392715
153.89575,301.0549,18.726553,0.22597548594244338,218.83578,281.31107,19.315731,0.5371622011239936,489.76675,339.58575,60.495205,181.19261,150.60326,346.404,153.89575,218.83578,45,735,2ABA075,46,28.390882,40.044197,153.89575,-0.01980193356688594
138.86023,268.35202,19.72537,0.21122975752825685,187.08508,258.11874,20.063076,0.678675758777084,498.46677,372.0293,59.88393,145.16972,144.6772,220.51599,138.86023,187.08508,46,704,2ABA075,15,25.650951,40.92663,138.86023,0.059225109930912845
114.28291,218.02611,21.529297,0.28575126639697024,161.58885,283.54102,19.247149,0.8432732609210062,157.6538,218.40709,82.90621,129.65039,155.62727,156.34131,114.28291,161.58885,47,1236,2ABA118,20,59.92295,61.537647,114.28291,-0.0016100190021487138
92.4062,145.27477,25.055666,0.3325155546230366,169.42865,215.52109,21.629673,0.6534717949001932,71.381004,80.662285,83.76142,199.84949,198.24426,354.1686,92.4062,169.42865,48,541,2ABA064,81,66.23111,58.36575,92.4062,-0.05765622075230008
64.94001,115.459206,27.050896,0.2905850813671937,214.86937,252.25597,20.26264,0.5302481637370445,152.06935,87.414955,52.46524,224.5893,237.50887,343.64612,64.94001,214.86937,49,88,2ABA027,18,23.21236,37.810684,64.94001,0.09911815674091924
83.541664,152.51376,24.63329,0.3107700136225106,267.9325,298.0373,18.814054,0.44880886236960205,173.19247,132.09274,70.64977,279.78284,158.21024,352.50653,83.541664,267.9325,50,1494,2ABA132,51,24.459126,40.549477,83.541664,0.37049154042297083
96.10488,170.8925,23.645008,0.36383515217234824,149.24776,210.84508,21.8202,0.7452413207984604,111.432655,102.172165,69.31736,162.2663,232.46927,355.32108,96.10488,149.24776,51,940,2ABA096,27,71.864044,66.76773,96.10488,0.06921489720652588
90.73216,174.03557,23.486708,0.23024642977327445,251.59688,286.1026,19.169031,0.6058738650862104,325.22922,154.21959,61.240814,251.38737,294.05685,519.7439,90.73216,251.59688,52,1098,2ABA104,32,19.607506,29.72459,90.73216,0.09727097343983726
72.17258,144.52066,25.10087,0.30054957121915044,274.29025,316.50098,18.291965,0.5427560802091708,159.8204,120.00444,45.524258,262.32248,300.6441,593.7741,72.17258,274.29025,53,255,2ABA033,32,25.599304,41.640125,72.17258,0.14866661008948723
107.76897,203.47466,22.129261,0.3011170826706046,112.6903,199.16078,22.315392,0.8286286740824976,166.5924,143.49403,84.95133,100.958275,95.404236,104.11471,107.76897,112.6903,54,775,2ABA077,7,52.424355,58.99594,107.76897,0.1469349576742241
96.464935,196.10661,22.449625,0.29092250780859746,338.4388,366.80807,17.010689,0.5721378684639391,337.39938,194.45766,57.85311,331.11053,210.71098,542.9177,96.464935,338.4388,55,161,2ABA030,15,28.211294,40.161465,96.464935,0.21684152889817987
79.47641,130.22629,26.005495,0.2474893628786581,292.54874,318.65652,18.233011,0.5147963868874373,203.3976,150.81383,66.88947,297.29132,262.50406,496.4991,79.47641,292.54874,56,1130,2ABA104,64,18.90095,28.038578,79.47641,-0.013670093559812125
88.53555,169.16203,23.73341,0.21407702144348523,229.25073,277.0594,19.44801,0.6621482912581687,216.32869,166.4802,60.407806,219.00754,261.41827,555.8596,88.53555,229.25073,57,600,2ABA068,63,23.17642,37.822357,88.53555,0.10757476337195471
98.74538,212.03593,21.771278,0.3556703778464065,111.19158,200.67464,22.249619,0.8344553757565073,207.27013,198.8143,39.90991,61.40923,158.5945,189.53021,98.74538,111.19158,58,1287,2ABA118,71,60.88532,73.465385,98.74538,-0.014910527111597719
147.67696,270.76917,19.647482,0.2844518781949948,160.3489,262.8353,19.905794,0.7653213892853087,281.10028,266.1128,67.02684,94.20932,138.91089,196.2,147.67696,160.3489,59,1266,2ABA118,50,50.94924,57.56424,147.67696,-0.021914848257460887
104.6243,222.12787,21.367407,0.2859760771533047,204.34653,252.41476,20.257172,0.5031363341935117,316.51636,257.12137,60.94138,187.90115,241.04163,423.61334,104.6243,204.34653,60,740,2ABA075,51,25.33842,37.22159,104.6243,0.10241926412417802
154.26625,274.83582,19.518002,0.27095020336877934,172.48044,269.7247,19.681053,0.817357517678411,260.57907,206.3503,82.775246,145.32076,221.38808,251.46393,154.26625,172.48044,61,1182,2ABA114,42,63.676193,75.97633,154.26625,-0.13171680715417886
120.932556,201.72539,22.204256,0.3603497697814269,144.21721,226.34972,21.203869,0.7880547257791904,171.99802,220.6601,70.42343,83.67129,235.4826,236.32861,120.932556,144.21721,62,393,2ABA056,21,58.520702,61.467896,120.932556,-0.022634511534402865
83.00245,153.46516,24.579273,0.3348410711724872,179.71829,232.96613,20.953613,0.6875117261435555,100.30689,115.61069,65.65561,201.485,147.1138,321.87625,83.00245,179.71829,63,1442,2ABA130,75,66.140335,64.02604,83.00245,0.14338233826867888
85.568405,164.07872,23.998423,0.3841748005988866,209.33707,265.57373,19.815765,0.5314511038239204,103.41151,106.06861,63.78073,256.68307,267.88614,493.8739,85.568405,209.33707,64,142,2ABA027,72,55.297523,52.85155,85.568405,0.12916673872201676
83.76097,171.72417,23.60284,0.28971832972195244,235.58876,268.15756,19.731667,0.5121112343401053,304.79294,152.08167,50.117725,239.84181,215.6947,413.81705,83.76097,235.58876,65,93,2ABA027,23,20.83245,30.831303,83.76097,0.027616400905391577
88.32066,188.44562,22.795746,0.37102875285244413,89.85957,177.40802,23.320004,0.874243015946165,123.2491,98.115425,60.263905,79.24832,250.17862,173.5021,88.32066,89.85957,66,1354,2ABA128,62,60.09374,61.87384,88.32066,0.19120208197164784
55.19435,104.99031,27.876484,0.37759680888918057,134.7055,171.88536,23.594688,0.699704877999479,124.87868,128.0063,39.311882,129.42392,210.86768,320.11847,55.19435,134.7055,67,466,2ABA064,6,34.471523,46.905518,55.19435,0.3053457499987058
77.89793,138.20149,25.489214,0.2170927998369451,229.96873,280.07333,19.354033,0.6857759715159851,43.21658,61.301994,62.637405,218.65555,278.00995,541.802,77.89793,229.96873,68,592,2ABA068,55,29.294838,44.74479,77.89793,0.15229525280556522
89.56133,186.32573,22.89401,0.3011430429469782,339.9476,366.75568,17.01193,0.5812388594669572,334.4777,180.6134,52.11185,335.66,203.97664,554.9013,89.56133,339.9476,69,163,2ABA030,17,21.0366,28.793222,89.56133,0.17217670447766417
74.891594,150.4292,24.752825,0.30845789836485293,356.72955,389.46222,16.49016,0.5706867903292435,265.0435,115.48106,47.213284,380.1362,148.99596,526.4938,74.891594,356.72955,70,206,2ABA030,60,29.491014,48.164276,74.891594,0.2708764750343531
77.77885,155.95047,24.439735,0.36825049460265347,141.23732,189.46371,22.748947,0.7041654936834131,108.33764,97.09662,54.940907,148.35829,181.8979,301.9157,77.77885,141.23732,71,928,2ABA096,15,53.92017,61.89387,77.77885,0.1743241909160101
91.25096,172.13976,23.581844,0.37563490039828307,85.2103,181.19093,23.13674,0.8958052131941914,201.10182,156.62323,31.839575,46.4034,129.94365,112.713036,91.25096,85.2103,72,1301,2ABA128,9,51.962547,53.79336,91.25096,0.2045147029560452
73.0279,149.07384,24.831438,0.29600624318141155,172.46559,209.66467,21.868963,0.4878923728204969,162.93936,151.19914,54.93173,172.3554,180.22437,358.92404,73.0279,172.46559,73,747,2ABA075,58,29.489143,38.935467,73.0279,0.14899520653810888
56.548424,122.33241,26.548637,0.3728966145664983,138.99277,181.05228,23.143389,0.7905743815857342,77.73325,75.367035,45.561787,151.03954,301.6829,305.9815,56.548424,138.99277,74,333,2ABA044,36,59.03237,69.84358,56.548424,0.4216785207683529
135.40504,241.99046,20.623503,0.2634682857505907,165.79797,233.48662,20.934227,0.6020040912284033,162.23578,111.91242,123.46179,172.42548,262.57965,335.87234,135.40504,165.79797,75,758,2ABA075,69,46.713013,51.081978,135.40504,0.44098237976193133
121.455666,232.8786,20.956877,0.20185976051863094,188.13895,239.17953,20.724985,0.6151223324908517,398.94904,251.72603,61.200092,169.85721,169.10986,341.48227,121.455666,188.13895,76,727,2ABA075,38,28.572992,46.06501,121.455666,0.03466360870302645
154.82509,274.2254,19.537313,0.347852405311427,206.26273,310.57336,18.456182,0.7145400321357225,256.8109,254.62184,77.75947,164.24457,217.71011,267.68103,154.82509,206.26273,77,429,2ABA056,57,59.462753,75.70103,154.82509,-0.21328431219425692
81.15302,135.4441,25.664265,0.3822373003562276,89.84303,129.96954,26.022636,0.8820604015146384,88.62249,95.0063,67.22123,82.236305,123.77535,102.73152,81.15302,89.84303,78,1372,2ABA128,80,65.92537,49.287685,81.15302,0.022729615012271352
78.33965,177.99033,23.29154,0.3057525477876954,251.09518,287.9427,19.113346,0.674360117890419,228.67683,219.08032,43.97921,246.97809,430.2514,622.2341,78.33965,251.09518,79,546,2ABA068,9,36.0828,57.42627,78.33965,0.18029682983834014
85.27749,149.27806,24.819548,0.33921350352989105,181.7585,230.9932,21.027485,0.6579949830824813,96.283875,102.78259,65.699295,199.44705,177.87573,355.8666,85.27749,181.7585,80,1437,2ABA130,70,60.15127,55.993633,85.27749,0.2613606085786713
60.020123,101.2775,28.18921,0.3240240927634422,189.84904,222.45892,21.35447,0.6462510206595866,88.00063,70.50761,46.85242,190.17497,177.43727,380.09937,60.020123,189.84904,81,1399,2ABA130,32,33.68051,53.635296,60.020123,0.052663124386809375
204.33806,339.36285,17.68618,0.32583224776819825,122.8182,223.84282,21.300604,0.8760536594099452,373.29276,191.1391,101.37101,81.59823,72.099815,63.86804,204.33806,122.8182,82,1327,2ABA128,35,45.489895,48.672264,204.33806,0.0005537487970947609
88.48226,152.0918,24.657352,0.380141170270312,207.62576,262.37546,19.921003,0.545577143059986,114.561905,117.622604,60.647167,251.74619,201.11725,418.54108,88.48226,207.62576,83,146,2ABA027,76,61.042503,59.124294,88.48226,0.12142430896331897
133.09459,252.38054,20.25835,0.2873473513411885,162.37068,272.38406,19.595833,0.8216238473234454,226.0854,235.58664,73.08298,116.5787,123.23251,139.5539,133.09459,162.37068,84,1247,2ABA118,31,65.61531,72.668076,133.09459,-0.12324952389308248
87.5864,166.99927,23.845177,0.36505237650105193,91.02006,185.03217,22.954523,0.8569886586933486,182.05971,168.06334,37.316986,50.732285,217.95645,177.24074,87.5864,91.02006,85,1300,2ABA128,8,59.86507,70.92972,87.5864,0.14701904124894483
58.271397,90.18219,29.197054,0.35973930236263646,110.78289,144.9067,25.077702,0.8115449473143231,87.11683,64.19455,41.45409,107.754265,118.814705,214.87015,58.271397,110.78289,86,350,2ABA044,53,51.125145,56.36104,58.271397,0.34738962577441174
79.8312,156.14891,24.42869,0.23942674094657604,235.03696,263.9653,19.86853,0.615228280269189,281.22623,173.90573,55.69178,236.47519,286.1961,520.1353,79.8312,235.03696,87,1093,2ABA104,27,18.80048,28.94802,79.8312,0.0755423543358405
82.06367,138.53262,25.468428,0.30059186625108575,266.13602,295.79376,18.879688,0.45723929996573703,180.7959,123.72862,68.1834,278.29803,140.80998,350.0513,82.06367,266.13602,88,1493,2ABA132,50,30.316387,43.988297,82.06367,0.39695530842026566
51.410324,121.65336,26.596985,0.36994548647052466,136.673,173.5789,23.50953,0.7883621021176206,60.905296,71.66008,43.884968,148.51234,256.0081,298.11874,51.410324,136.673,89,334,2ABA044,37,43.33223,54.619694,51.410324,0.33862777334971533
91.83999,152.23686,24.64907,0.3765636521894983,128.34184,180.54428,23.167793,0.7708935169481264,123.79389,91.28103,57.529354,145.0108,180.6024,301.39856,91.83999,128.34184,90,946,2ABA096,33,71.29329,61.85615,91.83999,0.17296848563394432
109.00164,211.89978,21.776857,0.31198060937103506,109.12524,203.17316,22.142141,0.8634109981633117,161.5646,146.90665,87.91532,94.62783,156.55942,124.28444,109.00164,109.12524,91,777,2ABA077,9,52.471493,63.483288,109.00164,0.2137853088411861
66.20866,145.60083,25.036192,0.3028126096495129,244.95383,278.65958,19.397987,0.6825530087970842,173.93005,184.22655,41.26716,243.44252,398.88235,623.9304,66.20866,244.95383,92,552,2ABA068,15,27.49907,42.010868,66.20866,0.25773587927868596
149.77473,248.18007,20.404129,0.35187450396349185,120.61747,232.49728,20.97111,0.8733236579589496,212.76729,160.02635,111.978165,99.359406,132.40099,98.85392,149.77473,120.61747,93,1310,2ABA128,18,61.090073,55.17652,149.77473,0.1009662920748794
68.41544,125.16759,26.34963,0.31421332847227956,208.22859,243.35448,20.57468,0.6078498569957562,127.66688,91.88558,43.231617,196.72008,208.92401,429.89297,68.41544,208.22859,94,1409,2ABA130,42,26.330822,39.377907,68.41544,0.07073338159434503
83.297714,132.60228,25.848448,0.23721534076798306,256.3521,289.74377,19.059185,0.5283217682661393,178.7332,126.86868,73.12815,263.6802,196.24066,414.84912,83.297714,256.3521,95,1140,2ABA104,74,27.450552,47.8121,83.297714,0.25372060055425877
101.940216,185.99493,22.909447,0.37965558379893805,112.73971,178.44823,23.269224,0.791691725074716,60.08928,105.17141,104.32831,105.50844,251.78021,283.1307,101.940216,112.73971,96,449,2ABA056,77,42.17014,44.814472,101.940216,0.2725053566037256
77.89546,151.61322,24.684727,0.2961647104372637,215.2127,262.80557,19.906776,0.6413504639301814,180.04123,191.86469,45.963215,194.76497,243.21977,460.5017,77.89546,215.2127,97,1402,2ABA130,35,35.390038,57.030685,77.89546,-0.006864631766181469
76.31675,157.98177,24.327328,0.24738482087514374,191.43285,234.09412,20.911657,0.7475933613263442,166.87302,134.89027,63.500317,189.35802,122.81545,418.48077,76.31675,191.43285,98,664,2ABA071,52,34.0481,53.751152,76.31675,0.24912069667017248
72.145935,154.34068,24.52986,0.34304354802951637,318.96765,342.5534,17.604902,0.4244062283658396,355.64026,140.84395,49.32406,324.43216,221.52223,554.5502,72.145935,318.96765,99,114,2ABA027,44,19.319786,23.884806,72.145935,0.09433095117288445
